Number Held,Address,Opensea
130,0xed0291230bd9ce8752bc5c774735b839fb1f7759,https://opensea.io/0xed0291230bd9ce8752bc5c774735b839fb1f7759
42,0x9d85e33bb8f80dcf7f40d4307e64752a95779266,https://opensea.io/0x9d85e33bb8f80dcf7f40d4307e64752a95779266
33,0xaa8cdc25e3d1a4c4ee007595a9ca6b77b87f4600,https://opensea.io/0xaa8cdc25e3d1a4c4ee007595a9ca6b77b87f4600
16,0xe2a0a79bdc6e61e51a3eae8ed288065fcccf867b,https://opensea.io/0xe2a0a79bdc6e61e51a3eae8ed288065fcccf867b
14,0xbc06d4f53d9d1b8257b89e0fa6168dc7b1f04ce7,https://opensea.io/0xbc06d4f53d9d1b8257b89e0fa6168dc7b1f04ce7
14,0xd9c61c6a41cb78ee8124111be112d352a7cf13c1,https://opensea.io/0xd9c61c6a41cb78ee8124111be112d352a7cf13c1
11,0xd3d5c90a1c0cc87a3a139e87a6a2a6536adbab10,https://opensea.io/0xd3d5c90a1c0cc87a3a139e87a6a2a6536adbab10
10,0xcf815caa0ce4dfba248ff328b9b5282a87e26a89,https://opensea.io/0xcf815caa0ce4dfba248ff328b9b5282a87e26a89
10,0x8f3c6aab1f3b29f61bf860cb766ce0f6f2477935,https://opensea.io/0x8f3c6aab1f3b29f61bf860cb766ce0f6f2477935
10,0xa2e87bf4e4edc28922736887772c351de5554b77,https://opensea.io/0xa2e87bf4e4edc28922736887772c351de5554b77
9,0xcbb2534c6898655d50fdac79d6e4b23b18a25b97,https://opensea.io/0xcbb2534c6898655d50fdac79d6e4b23b18a25b97
8,0x7f64752891c1f6609fbbfcc6c11b7d7b5fe2875e,https://opensea.io/0x7f64752891c1f6609fbbfcc6c11b7d7b5fe2875e
7,0x92a2eac2d5d442e489597cdbfef75514fb97b4c0,https://opensea.io/0x92a2eac2d5d442e489597cdbfef75514fb97b4c0
7,0x8b5b9a7a17bc143913f29dd40a07f0b2962653f7,https://opensea.io/0x8b5b9a7a17bc143913f29dd40a07f0b2962653f7
7,0x8d9b95d0da1fbe18fde77f013382857396a9f056,https://opensea.io/0x8d9b95d0da1fbe18fde77f013382857396a9f056
7,0x29b1b2d083456fd07b19649f8b85f9927a29b1ab,https://opensea.io/0x29b1b2d083456fd07b19649f8b85f9927a29b1ab
7,0x30e474d8bf65c9642ad297e83bf389ec51b674c9,https://opensea.io/0x30e474d8bf65c9642ad297e83bf389ec51b674c9
7,0x2715ef6cc358c87131796058fe65d51a8e29f3c6,https://opensea.io/0x2715ef6cc358c87131796058fe65d51a8e29f3c6
6,0x3593bd7b5a4376455378c7b13340745b70bce908,https://opensea.io/0x3593bd7b5a4376455378c7b13340745b70bce908
6,0xaa96a50a2f67111262fe24576bd85bb56ec65016,https://opensea.io/0xaa96a50a2f67111262fe24576bd85bb56ec65016
6,0x12a0cb5872d3de2495a6419d1c7c1fa174a1fb6d,https://opensea.io/0x12a0cb5872d3de2495a6419d1c7c1fa174a1fb6d
5,0xe4301fb7545dae866e3e65166269cb7cdfcee626,https://opensea.io/0xe4301fb7545dae866e3e65166269cb7cdfcee626
5,0xf2f80a46b71f797db3856d99ca18aff05ffd6801,https://opensea.io/0xf2f80a46b71f797db3856d99ca18aff05ffd6801
5,0x7caa9f43822e288782e3e8797c8a16774c689b3d,https://opensea.io/0x7caa9f43822e288782e3e8797c8a16774c689b3d
4,0xcd0f5c6d62eeb94c3777d12b0cd25f9c316bbe48,https://opensea.io/0xcd0f5c6d62eeb94c3777d12b0cd25f9c316bbe48
4,0x3a924043293b19cdbeb7aede480874de8ff55253,https://opensea.io/0x3a924043293b19cdbeb7aede480874de8ff55253
4,0x6ccded124827c372744af0348d54375954cd60f0,https://opensea.io/0x6ccded124827c372744af0348d54375954cd60f0
4,0x2ff44a8c72eadc2a4bb3dc011e53576ecedd7a68,https://opensea.io/0x2ff44a8c72eadc2a4bb3dc011e53576ecedd7a68
4,0x73855fcc76cea6458794aa6664b816dc57c1505e,https://opensea.io/0x73855fcc76cea6458794aa6664b816dc57c1505e
4,0xac50ce326de14ddf9b7e9611cd2f33a1af8ac039,https://opensea.io/0xac50ce326de14ddf9b7e9611cd2f33a1af8ac039
4,0x44261255fd0ae899d85b7c6dbf6dde5a3d439aa2,https://opensea.io/0x44261255fd0ae899d85b7c6dbf6dde5a3d439aa2
4,0x7bde03594daa036ed7b80a302f988ee4bf2abccf,https://opensea.io/0x7bde03594daa036ed7b80a302f988ee4bf2abccf
4,0xfc2efa3b7904da7d6c802b6b6e3ce8279beed2a5,https://opensea.io/0xfc2efa3b7904da7d6c802b6b6e3ce8279beed2a5
4,0x8b2d7b742980ecb08b1d525258ee6aa653838fe0,https://opensea.io/0x8b2d7b742980ecb08b1d525258ee6aa653838fe0
4,0x4010a534b8ab01945dec322f4eecd6a4b4785277,https://opensea.io/0x4010a534b8ab01945dec322f4eecd6a4b4785277
4,0x93722420a9e3f17c07516a28a50bdd0c24b77575,https://opensea.io/0x93722420a9e3f17c07516a28a50bdd0c24b77575
4,0x6641f026da7cc01ce6ff5a55355f64f6345aa499,https://opensea.io/0x6641f026da7cc01ce6ff5a55355f64f6345aa499
3,0xd228aebab8187749d058ada1e1583a519590dd4c,https://opensea.io/0xd228aebab8187749d058ada1e1583a519590dd4c
3,0xc23ab2b2a1056a8d33f5872635270756160b7bc0,https://opensea.io/0xc23ab2b2a1056a8d33f5872635270756160b7bc0
3,0x6557d92d629e0bd8003b8e12c83835ff3cdb9d6b,https://opensea.io/0x6557d92d629e0bd8003b8e12c83835ff3cdb9d6b
3,0xcfe7321fd5aca6912694ecf85d41617e0d884fdc,https://opensea.io/0xcfe7321fd5aca6912694ecf85d41617e0d884fdc
3,0xb1a5b42808c2140804f5ce2e2dd2be0cee828513,https://opensea.io/0xb1a5b42808c2140804f5ce2e2dd2be0cee828513
3,0x709e8bdba7a7ca0bf99a138cb2a1d3e84b91c753,https://opensea.io/0x709e8bdba7a7ca0bf99a138cb2a1d3e84b91c753
3,0xa765f096ec12a50a252f30f906c52884902219f8,https://opensea.io/0xa765f096ec12a50a252f30f906c52884902219f8
3,0xfb30cdae07272c8a37929039200201926eba6428,https://opensea.io/0xfb30cdae07272c8a37929039200201926eba6428
3,0x87c4f83123d6c8c74483cc62b34151b1aa156b61,https://opensea.io/0x87c4f83123d6c8c74483cc62b34151b1aa156b61
3,0x034082875c5c0f5005271be3fc09b1a8332509bd,https://opensea.io/0x034082875c5c0f5005271be3fc09b1a8332509bd
3,0x005cc0c0fd522c603b91a3365280bbe57892286e,https://opensea.io/0x005cc0c0fd522c603b91a3365280bbe57892286e
3,0x420b40a21b8595d183a3f1e2009d57237ffa0b42,https://opensea.io/0x420b40a21b8595d183a3f1e2009d57237ffa0b42
3,0xd484d3f381e257b323f45fc4d813cd28df184625,https://opensea.io/0xd484d3f381e257b323f45fc4d813cd28df184625
3,0x631d96ce9876d48cd2300473ff4124f5e0e084e8,https://opensea.io/0x631d96ce9876d48cd2300473ff4124f5e0e084e8
3,0x9704e5b99cc51dd16ca50631f136a008a223a6de,https://opensea.io/0x9704e5b99cc51dd16ca50631f136a008a223a6de
3,0x5c94c9e23af9b2fd12b082637ca0d2554012aa86,https://opensea.io/0x5c94c9e23af9b2fd12b082637ca0d2554012aa86
3,0x10bfa0768765891cfe5a2f748c43dbcf29907932,https://opensea.io/0x10bfa0768765891cfe5a2f748c43dbcf29907932
3,0xf5f8977348f592db9773c373fef5be362d103776,https://opensea.io/0xf5f8977348f592db9773c373fef5be362d103776
3,0x833f91f9ca3f4249b50a36efce2fd3c6fa9a1746,https://opensea.io/0x833f91f9ca3f4249b50a36efce2fd3c6fa9a1746
3,0x3d46c38da2b52d3025a9ff2fcb47312afb43f388,https://opensea.io/0x3d46c38da2b52d3025a9ff2fcb47312afb43f388
2,0xc5438906e8524a74fb9981e4a5fb6bd341bc75f6,https://opensea.io/0xc5438906e8524a74fb9981e4a5fb6bd341bc75f6
2,0xc2e48326bb7dcc279d171296bf4ed93b2889bad8,https://opensea.io/0xc2e48326bb7dcc279d171296bf4ed93b2889bad8
2,0xf89e44b59efffaa793c6e91f7d6ba949844315ab,https://opensea.io/0xf89e44b59efffaa793c6e91f7d6ba949844315ab
2,0x000001f568875f378bf6d170b790967fe429c81a,https://opensea.io/0x000001f568875f378bf6d170b790967fe429c81a
2,0x08ea675b378e471e429b3b6f942ab5fc1405c5a0,https://opensea.io/0x08ea675b378e471e429b3b6f942ab5fc1405c5a0
2,0x55f25ae016e2cd04ec3191594d43dc5a08102378,https://opensea.io/0x55f25ae016e2cd04ec3191594d43dc5a08102378
2,0xc5d77eeaa6e7eec334172a44a46712831a551ea9,https://opensea.io/0xc5d77eeaa6e7eec334172a44a46712831a551ea9
2,0xd2af803ad747ea12acf5ae468056703ae48785b5,https://opensea.io/0xd2af803ad747ea12acf5ae468056703ae48785b5
2,0xf9d257d41937a11f9837a3800d89567553312792,https://opensea.io/0xf9d257d41937a11f9837a3800d89567553312792
2,0xd5e4989a700c8b4d7f2e02697ac56e06d6a858b3,https://opensea.io/0xd5e4989a700c8b4d7f2e02697ac56e06d6a858b3
2,0x1782164e3225842645c314ec7c991cfb36571683,https://opensea.io/0x1782164e3225842645c314ec7c991cfb36571683
2,0x30a933add6fd601d152aa4aaf7620b5e27e88888,https://opensea.io/0x30a933add6fd601d152aa4aaf7620b5e27e88888
2,0x261f2f416e8895f6c51c7442433934d24073891c,https://opensea.io/0x261f2f416e8895f6c51c7442433934d24073891c
2,0x5583347e299dfe16247224797704e093caee28a1,https://opensea.io/0x5583347e299dfe16247224797704e093caee28a1
2,0x027fb871101a865e0e3440a78aa073be85763c5b,https://opensea.io/0x027fb871101a865e0e3440a78aa073be85763c5b
2,0x8a5d99776871e968731e94d9ed874aa9171ae0fa,https://opensea.io/0x8a5d99776871e968731e94d9ed874aa9171ae0fa
2,0xf816abbc2888ab5d21da164f7603c351e0109dd9,https://opensea.io/0xf816abbc2888ab5d21da164f7603c351e0109dd9
2,0x2d133a9927de8a5edb0759595b340c39d512005d,https://opensea.io/0x2d133a9927de8a5edb0759595b340c39d512005d
2,0x6d9233f7a1a4042d2b98e04e5f83f6b59a618bbe,https://opensea.io/0x6d9233f7a1a4042d2b98e04e5f83f6b59a618bbe
2,0xdab36a4ce12aa220e18c60ef0de489c232322a1a,https://opensea.io/0xdab36a4ce12aa220e18c60ef0de489c232322a1a
2,0x1430cc22bccfece3d894e298a3845d3ac8e871f9,https://opensea.io/0x1430cc22bccfece3d894e298a3845d3ac8e871f9
2,0x64eed367dc0bbe9e4dfab70c92ff45e220019b5c,https://opensea.io/0x64eed367dc0bbe9e4dfab70c92ff45e220019b5c
2,0x72612c2d8f200e14fc1859a658e19e4f0bb75efb,https://opensea.io/0x72612c2d8f200e14fc1859a658e19e4f0bb75efb
2,0x7a129f3e34815235e09e4011c558dc85bbb082e2,https://opensea.io/0x7a129f3e34815235e09e4011c558dc85bbb082e2
2,0xdfe226b7e12db43e53cab808f7668c9594578435,https://opensea.io/0xdfe226b7e12db43e53cab808f7668c9594578435
2,0xde67c92c7281de52097880412ea2dc2f85e578a6,https://opensea.io/0xde67c92c7281de52097880412ea2dc2f85e578a6
2,0xb890e2ab8b2a0a512b1dc2bd7ae8122c8cfdbed8,https://opensea.io/0xb890e2ab8b2a0a512b1dc2bd7ae8122c8cfdbed8
2,0x0833be979cb1a1dc0eaaf98167c56f1b41776632,https://opensea.io/0x0833be979cb1a1dc0eaaf98167c56f1b41776632
2,0xb80a3488bd3f1c5a2d6fce9b095707ec62172fb5,https://opensea.io/0xb80a3488bd3f1c5a2d6fce9b095707ec62172fb5
2,0xf3637a5d47c2c02d6a84d42a667df1f9ac7a117c,https://opensea.io/0xf3637a5d47c2c02d6a84d42a667df1f9ac7a117c
2,0x9964b6a4c77cc50703b5a3e978f985d539fb328c,https://opensea.io/0x9964b6a4c77cc50703b5a3e978f985d539fb328c
2,0x416d7f3823bc7d8dbab00056ede0325e52f0a5c2,https://opensea.io/0x416d7f3823bc7d8dbab00056ede0325e52f0a5c2
2,0x388b93c535b5c3ccdb14770516d7caf5590ed009,https://opensea.io/0x388b93c535b5c3ccdb14770516d7caf5590ed009
2,0xdc5a3ed3ce12a78c9b4c8cbc370501ff06f5d90d,https://opensea.io/0xdc5a3ed3ce12a78c9b4c8cbc370501ff06f5d90d
2,0x4f6f2c9b043fd246e4cae95a5463c9d9ff1bef05,https://opensea.io/0x4f6f2c9b043fd246e4cae95a5463c9d9ff1bef05
2,0x42ded6d32eae6f4fd306ce4e36672a9a8acee06c,https://opensea.io/0x42ded6d32eae6f4fd306ce4e36672a9a8acee06c
2,0x3c69eccc14da0c7450671979fe39190c912a93ef,https://opensea.io/0x3c69eccc14da0c7450671979fe39190c912a93ef
2,0xdd156cb6552ace53af81eb2c647110bd4486224a,https://opensea.io/0xdd156cb6552ace53af81eb2c647110bd4486224a
2,0x14bec0f3a39b145a13217346811c72b4b2161391,https://opensea.io/0x14bec0f3a39b145a13217346811c72b4b2161391
2,0xa123ac0fb07d19fd40ed8a75dd50c3ccf767ea56,https://opensea.io/0xa123ac0fb07d19fd40ed8a75dd50c3ccf767ea56
2,0x342c6bfa287ce37b8b53eee0e5b6e6bcbea98c76,https://opensea.io/0x342c6bfa287ce37b8b53eee0e5b6e6bcbea98c76
2,0x59371132ed9eb0aa7114dd17aeb9d498526c2732,https://opensea.io/0x59371132ed9eb0aa7114dd17aeb9d498526c2732
2,0x041c36713d3142b520aed45cbd3ffc5b91311eef,https://opensea.io/0x041c36713d3142b520aed45cbd3ffc5b91311eef
2,0xfa89ec40699bbfd749c4eb6643dc2b22ff0e2aa6,https://opensea.io/0xfa89ec40699bbfd749c4eb6643dc2b22ff0e2aa6
2,0x2973c156d9e4019bcb7e65e371c4d2755bcb02e4,https://opensea.io/0x2973c156d9e4019bcb7e65e371c4d2755bcb02e4
2,0x6be3c1db95efd407d4f77b29389843e7c557f051,https://opensea.io/0x6be3c1db95efd407d4f77b29389843e7c557f051
2,0x3e8c921be392bf856b1eedc243f41fdbf2cd3739,https://opensea.io/0x3e8c921be392bf856b1eedc243f41fdbf2cd3739
2,0x65654ef196d92ff739a4de49a133887002a08df2,https://opensea.io/0x65654ef196d92ff739a4de49a133887002a08df2
2,0x285e053eaaf0693269462194fd7eb9a039517b10,https://opensea.io/0x285e053eaaf0693269462194fd7eb9a039517b10
2,0x463ff9b3abf5787b0c3103a559addbb4050c1ded,https://opensea.io/0x463ff9b3abf5787b0c3103a559addbb4050c1ded
2,0x599cf71b9bc13cb71a08b46c601d94b786c43030,https://opensea.io/0x599cf71b9bc13cb71a08b46c601d94b786c43030
2,0x2acf7d311b9a20b67f84ebbf8aec548004122e92,https://opensea.io/0x2acf7d311b9a20b67f84ebbf8aec548004122e92
2,0x36d8fb83ecf5dfc1bd70dce0dece3a883457d6d8,https://opensea.io/0x36d8fb83ecf5dfc1bd70dce0dece3a883457d6d8
2,0xcb11c858c6954880de0a3ab4d59275baafc80446,https://opensea.io/0xcb11c858c6954880de0a3ab4d59275baafc80446
2,0x985341f64b0340d851a92d81d260e354fffa43a6,https://opensea.io/0x985341f64b0340d851a92d81d260e354fffa43a6
2,0x5cc39c90ce7d8c1eb997de7cdcc02daad3ab77b6,https://opensea.io/0x5cc39c90ce7d8c1eb997de7cdcc02daad3ab77b6
1,0x9394a7cf1b7ad5de4825c3a3d8033453e23a4ce1,https://opensea.io/0x9394a7cf1b7ad5de4825c3a3d8033453e23a4ce1
1,0x35700b77d4c13d195b3eeda583c01b6d077ff3c4,https://opensea.io/0x35700b77d4c13d195b3eeda583c01b6d077ff3c4
1,0xe3c9e09e49f75d7ec947484abf74579ea5aa0e18,https://opensea.io/0xe3c9e09e49f75d7ec947484abf74579ea5aa0e18
1,0xdf80d1b3db397f2b11c6619a518d414a427fc11c,https://opensea.io/0xdf80d1b3db397f2b11c6619a518d414a427fc11c
1,0xf8aa5134fc783cc28a38c54fe41499969106984f,https://opensea.io/0xf8aa5134fc783cc28a38c54fe41499969106984f
1,0xb0ada978f10da42b00d5fccbb2f45120d079a766,https://opensea.io/0xb0ada978f10da42b00d5fccbb2f45120d079a766
1,0xa56c04347abee42f663eff9bc2d0147b97c8f782,https://opensea.io/0xa56c04347abee42f663eff9bc2d0147b97c8f782
1,0xd330d0b046839dfcdbc9cacce3124a9156933432,https://opensea.io/0xd330d0b046839dfcdbc9cacce3124a9156933432
1,0x2536c09e5f5691498805884fa37811be3b2bddb4,https://opensea.io/0x2536c09e5f5691498805884fa37811be3b2bddb4
1,0xc1e6e113e8f60830948aa8c58e76c77514404141,https://opensea.io/0xc1e6e113e8f60830948aa8c58e76c77514404141
1,0xd0ac26e779c651cbf0e0742d1e2703b10c80c7e7,https://opensea.io/0xd0ac26e779c651cbf0e0742d1e2703b10c80c7e7
1,0xedfda531b7c7994cf0c9732e1abb37da99f2f1b4,https://opensea.io/0xedfda531b7c7994cf0c9732e1abb37da99f2f1b4
1,0x6252f98e2529708618e06b3d31b7851391087fa3,https://opensea.io/0x6252f98e2529708618e06b3d31b7851391087fa3
1,0xb71bdbcdad265117e2d30af5c3fb955c70b60a97,https://opensea.io/0xb71bdbcdad265117e2d30af5c3fb955c70b60a97
1,0xa3143587d89410cc59fa2507b2e3e64c9f36c11d,https://opensea.io/0xa3143587d89410cc59fa2507b2e3e64c9f36c11d
1,0x2d7960a0570472e95dcef435a1a7411ddf52c78f,https://opensea.io/0x2d7960a0570472e95dcef435a1a7411ddf52c78f
1,0xc474701f21e1e64cca1bc776336b76d0f856ce02,https://opensea.io/0xc474701f21e1e64cca1bc776336b76d0f856ce02
1,0xc2bb6c36f36f14c3e6f93305cbfd64ed6665ccb9,https://opensea.io/0xc2bb6c36f36f14c3e6f93305cbfd64ed6665ccb9
1,0xda63e1d016c42dce279d3e81f4bd4d685082cde8,https://opensea.io/0xda63e1d016c42dce279d3e81f4bd4d685082cde8
1,0xcb46aae3e534e98fec550ae511bdee78b9098687,https://opensea.io/0xcb46aae3e534e98fec550ae511bdee78b9098687
1,0x02301ca0fc604ce017f873dc4fa48b74552bb906,https://opensea.io/0x02301ca0fc604ce017f873dc4fa48b74552bb906
1,0xf7c8a4a99ba34b4744d08999dd017b5faa4d3378,https://opensea.io/0xf7c8a4a99ba34b4744d08999dd017b5faa4d3378
1,0x60bac7af5185e674d90da0fa49efebc19a1443d3,https://opensea.io/0x60bac7af5185e674d90da0fa49efebc19a1443d3
1,0x20b90fa0285969fe83601244ae0e9a2fd8a0db95,https://opensea.io/0x20b90fa0285969fe83601244ae0e9a2fd8a0db95
1,0x95e73eaad74686218ce8c4fb6e5373b5472c3a1f,https://opensea.io/0x95e73eaad74686218ce8c4fb6e5373b5472c3a1f
1,0xdd80abdfad76b65abc6d43e4f1c58da216e04f10,https://opensea.io/0xdd80abdfad76b65abc6d43e4f1c58da216e04f10
1,0x412929d1215270d2e4abffb9d5f0dd3d6f76971d,https://opensea.io/0x412929d1215270d2e4abffb9d5f0dd3d6f76971d
1,0xb9ea03e69e4983c4ab303cf3379864dc8fb9e462,https://opensea.io/0xb9ea03e69e4983c4ab303cf3379864dc8fb9e462
1,0xb7062f04212abfebbec43e09d3286429ff7ad42f,https://opensea.io/0xb7062f04212abfebbec43e09d3286429ff7ad42f
1,0x00c432be312c7326b983c19760d07bc76b9bc68f,https://opensea.io/0x00c432be312c7326b983c19760d07bc76b9bc68f
1,0x8cc47a144618a496a9710078c48919a12599dca3,https://opensea.io/0x8cc47a144618a496a9710078c48919a12599dca3
1,0x9c0f8e587d941e5af444b65e05f64e518cf2cae3,https://opensea.io/0x9c0f8e587d941e5af444b65e05f64e518cf2cae3
1,0x69aed7f9d3449a13905404e8cfbfeac422e5e2b1,https://opensea.io/0x69aed7f9d3449a13905404e8cfbfeac422e5e2b1
1,0x4cf228dfe4eedfaa4acd0c8ef08f912c1854a51a,https://opensea.io/0x4cf228dfe4eedfaa4acd0c8ef08f912c1854a51a
1,0x9f6664f30f29bbce01dddb396a03e18a0478c05b,https://opensea.io/0x9f6664f30f29bbce01dddb396a03e18a0478c05b
1,0xf72aa846ecf3e9e8f6fb208a5bc9675759099a9a,https://opensea.io/0xf72aa846ecf3e9e8f6fb208a5bc9675759099a9a
1,0x324455e3bf9a8b910f73f26e7af5c9a9110633d8,https://opensea.io/0x324455e3bf9a8b910f73f26e7af5c9a9110633d8
1,0x2ea859e47c5c78fa830033786bfdee7bf8f23d25,https://opensea.io/0x2ea859e47c5c78fa830033786bfdee7bf8f23d25
1,0x0899a46dbcbbed0a009c308e70b9a1db9d4b0363,https://opensea.io/0x0899a46dbcbbed0a009c308e70b9a1db9d4b0363
1,0xe98db550e4223a29431cc69de73da1ce6dbb2755,https://opensea.io/0xe98db550e4223a29431cc69de73da1ce6dbb2755
1,0x1a16b58a531b27ac383c3fc2ec224ffdfd0cb610,https://opensea.io/0x1a16b58a531b27ac383c3fc2ec224ffdfd0cb610
1,0x977c827a997e6cb67e70daeaa7145b17d0cb8bda,https://opensea.io/0x977c827a997e6cb67e70daeaa7145b17d0cb8bda
1,0x47a9f89b1587db59a9aa53a93e9eae5915e8b36f,https://opensea.io/0x47a9f89b1587db59a9aa53a93e9eae5915e8b36f
1,0x59560854986b354d2dbc4368a09526dae0b244db,https://opensea.io/0x59560854986b354d2dbc4368a09526dae0b244db
1,0xe81fc71a35c961efca4b475561049f3a3fc82a4f,https://opensea.io/0xe81fc71a35c961efca4b475561049f3a3fc82a4f
1,0x694cea50c7c59772c4ad39d69e1a5d31ddbdca52,https://opensea.io/0x694cea50c7c59772c4ad39d69e1a5d31ddbdca52
1,0x3c327a18d741b7bb74d9035feacc620995dd066e,https://opensea.io/0x3c327a18d741b7bb74d9035feacc620995dd066e
1,0x906b9376edaa068430e2a167e28eccce88a2f2b8,https://opensea.io/0x906b9376edaa068430e2a167e28eccce88a2f2b8
1,0x5e67634084c1d6277da91723dba8d4f1c1da7b7f,https://opensea.io/0x5e67634084c1d6277da91723dba8d4f1c1da7b7f
1,0x113d754ff2e6ca9fd6ab51932493e4f9dabdf596,https://opensea.io/0x113d754ff2e6ca9fd6ab51932493e4f9dabdf596
1,0x39ebfff1c86fb511521538535abda469409cf206,https://opensea.io/0x39ebfff1c86fb511521538535abda469409cf206
1,0xdf0bd82e5dbae4b04ebeae540e419b2aa873a1cf,https://opensea.io/0xdf0bd82e5dbae4b04ebeae540e419b2aa873a1cf
1,0xa45f7c0c2e5d0db10f0f0868ed5e2dd525ee14db,https://opensea.io/0xa45f7c0c2e5d0db10f0f0868ed5e2dd525ee14db
1,0x0044a3fb7d26c3b14b84de3b29537310b8c23bc9,https://opensea.io/0x0044a3fb7d26c3b14b84de3b29537310b8c23bc9
1,0xbd4df78b793d6f557880116db8877d08f45a0744,https://opensea.io/0xbd4df78b793d6f557880116db8877d08f45a0744
1,0x1018142957a9509f0f0f69c1d380a369ace15db3,https://opensea.io/0x1018142957a9509f0f0f69c1d380a369ace15db3
1,0x69d89a2f6ba6f1b6dae11cb660c14acfad6270e9,https://opensea.io/0x69d89a2f6ba6f1b6dae11cb660c14acfad6270e9
1,0x9fba7b64eb871af703b601f3f218c4632e11c618,https://opensea.io/0x9fba7b64eb871af703b601f3f218c4632e11c618
1,0x821fc5931fd0d9d9ce585a8aaa3f9308d85783b4,https://opensea.io/0x821fc5931fd0d9d9ce585a8aaa3f9308d85783b4
1,0xa91d6bc2a68d854f5078aa7bbd2c2050c5d82784,https://opensea.io/0xa91d6bc2a68d854f5078aa7bbd2c2050c5d82784
1,0xd3fd48b20d80101af6fa0666e9ed5a44768e5f30,https://opensea.io/0xd3fd48b20d80101af6fa0666e9ed5a44768e5f30
1,0x75edd1f34e70d8b0dabe092af4991459f5d1ba99,https://opensea.io/0x75edd1f34e70d8b0dabe092af4991459f5d1ba99
1,0x320d44e3e962ad1df0587db2d84b5c2309ba4b97,https://opensea.io/0x320d44e3e962ad1df0587db2d84b5c2309ba4b97
1,0x20a427ebb8556877c0bc36c3e5045c1c940249d8,https://opensea.io/0x20a427ebb8556877c0bc36c3e5045c1c940249d8
1,0xff6e680815d56a492378bf746beb739baf17a60d,https://opensea.io/0xff6e680815d56a492378bf746beb739baf17a60d
1,0x0119f93047266e21c92aed02e42efbf9cdb5b0cf,https://opensea.io/0x0119f93047266e21c92aed02e42efbf9cdb5b0cf
1,0x94be5870403f2ef07a58b1323977b4b10e92281b,https://opensea.io/0x94be5870403f2ef07a58b1323977b4b10e92281b
1,0x19e1f1b79211f066eba1eedf0ef74459803c2e17,https://opensea.io/0x19e1f1b79211f066eba1eedf0ef74459803c2e17
1,0xbb35664050a84a0a18229d3ce6885f47a3c4801e,https://opensea.io/0xbb35664050a84a0a18229d3ce6885f47a3c4801e
1,0x70afce457d416779738f25fd932760b9e27ec8fa,https://opensea.io/0x70afce457d416779738f25fd932760b9e27ec8fa
1,0x18e3cd6e83adc4cda754c93496423b1cd04e1957,https://opensea.io/0x18e3cd6e83adc4cda754c93496423b1cd04e1957
1,0x46bb797f6268dc376e2aac536508ab34fa597fb7,https://opensea.io/0x46bb797f6268dc376e2aac536508ab34fa597fb7
1,0xae099ada728a5abf8b31f2b126cc5bf8e70fbc2c,https://opensea.io/0xae099ada728a5abf8b31f2b126cc5bf8e70fbc2c
1,0xf77593272e4b4ebf8bd5afd6a31f1a893dd66a69,https://opensea.io/0xf77593272e4b4ebf8bd5afd6a31f1a893dd66a69
1,0x8132ec8c2574c133bdc5c7d4cb220c11373357e3,https://opensea.io/0x8132ec8c2574c133bdc5c7d4cb220c11373357e3
1,0xe2f53044921149973521273cc5f798e8dd80ed30,https://opensea.io/0xe2f53044921149973521273cc5f798e8dd80ed30
1,0x5fe010dd84be57bb7bf0d29ab2eb24527a510ab5,https://opensea.io/0x5fe010dd84be57bb7bf0d29ab2eb24527a510ab5
1,0xaec908ab6d9dc620530f02fc9a75a9ed1b342b85,https://opensea.io/0xaec908ab6d9dc620530f02fc9a75a9ed1b342b85
1,0xf1f0d3f9da9e95cd3ce28b731612e671d99d2907,https://opensea.io/0xf1f0d3f9da9e95cd3ce28b731612e671d99d2907
1,0xce2c567ae501631fc017e5461608eaa9ccdf281a,https://opensea.io/0xce2c567ae501631fc017e5461608eaa9ccdf281a
1,0x0cd897a1b202aad4b8b2a7942de59b9ea50ecd1e,https://opensea.io/0x0cd897a1b202aad4b8b2a7942de59b9ea50ecd1e
1,0x2ea088d75cdc67b18d00938637cf4468b908abb8,https://opensea.io/0x2ea088d75cdc67b18d00938637cf4468b908abb8
1,0x56d3d8fdcb421670bc67b65aeaf0368420493033,https://opensea.io/0x56d3d8fdcb421670bc67b65aeaf0368420493033
1,0xf3064bbb3a192be763a2ea82732a3e085c4524a8,https://opensea.io/0xf3064bbb3a192be763a2ea82732a3e085c4524a8
1,0xec8f16e8cd9cc498a843ae19982afe93c588870a,https://opensea.io/0xec8f16e8cd9cc498a843ae19982afe93c588870a
1,0x75d6197108f048685c1b9f1c87e8db9c53ba64b5,https://opensea.io/0x75d6197108f048685c1b9f1c87e8db9c53ba64b5
1,0x00491095a31de40f7d39fe637573f949ccbc72e5,https://opensea.io/0x00491095a31de40f7d39fe637573f949ccbc72e5
1,0x5b8b3cafb9d17faf87539c734e156942a167948f,https://opensea.io/0x5b8b3cafb9d17faf87539c734e156942a167948f
1,0xa494e00f4aef19e3493a420b5f0ec8d965f4054c,https://opensea.io/0xa494e00f4aef19e3493a420b5f0ec8d965f4054c
1,0x84ab05f09b5ad3a1de6941fbf29bdf77cc7e2100,https://opensea.io/0x84ab05f09b5ad3a1de6941fbf29bdf77cc7e2100
1,0x17cd072cbd45031efc21da538c783e0ed3b25dcc,https://opensea.io/0x17cd072cbd45031efc21da538c783e0ed3b25dcc
1,0x2c9df0f5f8275a83ad8b712510c5ab7da865a02c,https://opensea.io/0x2c9df0f5f8275a83ad8b712510c5ab7da865a02c
1,0x02332a565a2940a6483d7db9ec5a5e8226870c59,https://opensea.io/0x02332a565a2940a6483d7db9ec5a5e8226870c59
1,0x9c30fd4f7212f8032d1bf9d02ae0956109fb9ec0,https://opensea.io/0x9c30fd4f7212f8032d1bf9d02ae0956109fb9ec0
1,0xdd636ec0620351c53f12f6e504c0a355b86a90e8,https://opensea.io/0xdd636ec0620351c53f12f6e504c0a355b86a90e8
1,0x753bba092b802dc7cc5a220c709b5b4f5f462b4d,https://opensea.io/0x753bba092b802dc7cc5a220c709b5b4f5f462b4d
1,0xfedbf31224203deef56012dee80214aa97d46362,https://opensea.io/0xfedbf31224203deef56012dee80214aa97d46362
1,0x1c0275e8a5e120a230f07b91f706fda323c7814a,https://opensea.io/0x1c0275e8a5e120a230f07b91f706fda323c7814a
1,0x34e48262152dbedf0e72aeab97456e2f79938383,https://opensea.io/0x34e48262152dbedf0e72aeab97456e2f79938383
1,0xd4164cf28e33497bff28482aea3210893be167e5,https://opensea.io/0xd4164cf28e33497bff28482aea3210893be167e5
1,0x6bcb261896c387e312cfb23741c9fcd71d5e2ad4,https://opensea.io/0x6bcb261896c387e312cfb23741c9fcd71d5e2ad4
1,0xbfaa0172f5b711b30b7d74ba4efa25ff501d4f7d,https://opensea.io/0xbfaa0172f5b711b30b7d74ba4efa25ff501d4f7d
1,0xb90e84f7fb3350e5c23f2f9c9e2c4b1702c4ea80,https://opensea.io/0xb90e84f7fb3350e5c23f2f9c9e2c4b1702c4ea80
1,0x7dc4f17e945e835799df06c5c16a6adfe95599d3,https://opensea.io/0x7dc4f17e945e835799df06c5c16a6adfe95599d3
1,0x48e4dd3e356823070d9d1b7d162d072ae9efe0cb,https://opensea.io/0x48e4dd3e356823070d9d1b7d162d072ae9efe0cb
1,0x7abca3cbc8aa182d10f742f72e2e8bc68c4a8839,https://opensea.io/0x7abca3cbc8aa182d10f742f72e2e8bc68c4a8839
1,0x7693b86b298b3d79aebd0bff6c6b65450e623597,https://opensea.io/0x7693b86b298b3d79aebd0bff6c6b65450e623597
1,0x90dafa324d331801c3de6307e3033c5bb6bae3ae,https://opensea.io/0x90dafa324d331801c3de6307e3033c5bb6bae3ae
1,0x018439894b681cc2aaddb613a425a1cfa6e59c29,https://opensea.io/0x018439894b681cc2aaddb613a425a1cfa6e59c29
1,0xed6b3dc95e6e41156cde61a206668935d7e958a4,https://opensea.io/0xed6b3dc95e6e41156cde61a206668935d7e958a4
1,0x30f84f0aa9cad152d1852a8767b3e7ad63e056e1,https://opensea.io/0x30f84f0aa9cad152d1852a8767b3e7ad63e056e1
1,0xcc9df1e88daa6670ffaa51c8719ec4233df749ad,https://opensea.io/0xcc9df1e88daa6670ffaa51c8719ec4233df749ad
1,0xbebfdb034d16327ca2f79f0c7406389c97bbe050,https://opensea.io/0xbebfdb034d16327ca2f79f0c7406389c97bbe050
1,0x3f22433662f78c99fbeb85dd4acac735b9b1f4be,https://opensea.io/0x3f22433662f78c99fbeb85dd4acac735b9b1f4be
1,0x3fb2bb73e41834446db84ba6856f0e52fc44e0e4,https://opensea.io/0x3fb2bb73e41834446db84ba6856f0e52fc44e0e4
1,0xef30fa2138a725523451688279b11216b0505e98,https://opensea.io/0xef30fa2138a725523451688279b11216b0505e98
1,0x84b389a1fb11502579d04703cc37b24e889c8cb8,https://opensea.io/0x84b389a1fb11502579d04703cc37b24e889c8cb8
1,0x24ecabf9538b8ee9a8d01211f800b09ee4d283e1,https://opensea.io/0x24ecabf9538b8ee9a8d01211f800b09ee4d283e1
1,0xac0cfc37d10a987c57f0c64803dca7216055b438,https://opensea.io/0xac0cfc37d10a987c57f0c64803dca7216055b438
1,0xa9f1288abd60445524e1f5915275fad93b8e405a,https://opensea.io/0xa9f1288abd60445524e1f5915275fad93b8e405a
1,0x5dbf5b3bdf277d8e1e5aaa9343e4410f4c1bbb1b,https://opensea.io/0x5dbf5b3bdf277d8e1e5aaa9343e4410f4c1bbb1b
1,0x3d1163e402ec0c0f58297e1e88bd992b729ee520,https://opensea.io/0x3d1163e402ec0c0f58297e1e88bd992b729ee520
1,0x15f4416a25a3ae9363d8317c82c6845de14443c7,https://opensea.io/0x15f4416a25a3ae9363d8317c82c6845de14443c7
1,0x0269564e23927c1e0fbd30eb4330a0771ba479e4,https://opensea.io/0x0269564e23927c1e0fbd30eb4330a0771ba479e4
1,0xcfd0b8eca784aa7262a05263486f6b798fb70103,https://opensea.io/0xcfd0b8eca784aa7262a05263486f6b798fb70103
1,0xc23e1145356a9dd3aa6af8d7766281984ec24b76,https://opensea.io/0xc23e1145356a9dd3aa6af8d7766281984ec24b76
1,0x8cf2708f39daee33456a564a9118d2a287b10b2a,https://opensea.io/0x8cf2708f39daee33456a564a9118d2a287b10b2a
1,0x3ed675a88da9b6a98c3a0160d257452c93aaab6c,https://opensea.io/0x3ed675a88da9b6a98c3a0160d257452c93aaab6c
1,0x726770c536bdf2f7b81b30f507d616fc271e91f0,https://opensea.io/0x726770c536bdf2f7b81b30f507d616fc271e91f0
1,0x9939629aed5c318e9e92e1a073d56ad0dcd481f2,https://opensea.io/0x9939629aed5c318e9e92e1a073d56ad0dcd481f2
1,0x0b7d98d535a048e1f595e0ba74c01bceeab07379,https://opensea.io/0x0b7d98d535a048e1f595e0ba74c01bceeab07379
1,0x1ee46b85e89aa7724b8adfc738fc622a3d1f1a87,https://opensea.io/0x1ee46b85e89aa7724b8adfc738fc622a3d1f1a87
1,0x32ba6f631e55c9c39b0a89ea628cd63184aa8536,https://opensea.io/0x32ba6f631e55c9c39b0a89ea628cd63184aa8536
1,0x173f4795db890313865a7c0fe62db76910a9cb3c,https://opensea.io/0x173f4795db890313865a7c0fe62db76910a9cb3c
1,0xf8001fd242fe2825a4306f3f6686b6d097f55911,https://opensea.io/0xf8001fd242fe2825a4306f3f6686b6d097f55911
1,0xc0ac56cf556b41da25354cc0199200bf36f79ccc,https://opensea.io/0xc0ac56cf556b41da25354cc0199200bf36f79ccc
1,0x1ca7335e98f5049a491e6c6029798326a1fde83b,https://opensea.io/0x1ca7335e98f5049a491e6c6029798326a1fde83b
1,0xacdd00d10ef27c49284a56f98fbdd9a84e4b27e0,https://opensea.io/0xacdd00d10ef27c49284a56f98fbdd9a84e4b27e0
1,0x18800c302cd224dc5ac03767c0556e7530fe4f2c,https://opensea.io/0x18800c302cd224dc5ac03767c0556e7530fe4f2c
1,0x96459a1ab3bde7ae2b2639a59c6c00a4b1764038,https://opensea.io/0x96459a1ab3bde7ae2b2639a59c6c00a4b1764038
1,0xc1bcb92d20bae44580ec6867683f33f8e501257f,https://opensea.io/0xc1bcb92d20bae44580ec6867683f33f8e501257f
1,0x1f72e239f0efb652fcca0fb9aab402fd2d740075,https://opensea.io/0x1f72e239f0efb652fcca0fb9aab402fd2d740075
1,0xf5a4f9407ef5acce981a3212c29eb302ed5deb23,https://opensea.io/0xf5a4f9407ef5acce981a3212c29eb302ed5deb23
1,0xd24d8846b77e765c14aa797b2b3312af65b853fa,https://opensea.io/0xd24d8846b77e765c14aa797b2b3312af65b853fa
1,0x1ce7cbe7bd1c66a446fb8522aad297a5f6992af4,https://opensea.io/0x1ce7cbe7bd1c66a446fb8522aad297a5f6992af4
1,0x52a0ed1fafc873e6df48601efa731d4fdcccfac4,https://opensea.io/0x52a0ed1fafc873e6df48601efa731d4fdcccfac4
1,0xfd22004806a6846ea67ad883356be810f0428793,https://opensea.io/0xfd22004806a6846ea67ad883356be810f0428793
1,0x372973309f827b5c3864115ce121c96ef9cb1658,https://opensea.io/0x372973309f827b5c3864115ce121c96ef9cb1658
1,0x9d261eb4698d2a4457cd3fbc3592f82a6afebdda,https://opensea.io/0x9d261eb4698d2a4457cd3fbc3592f82a6afebdda
1,0x59fe809865ab8de048f558d6f8e39fa157fcc84e,https://opensea.io/0x59fe809865ab8de048f558d6f8e39fa157fcc84e
1,0x206c172cbb57309e3a6455117fb0bf876b57d8f4,https://opensea.io/0x206c172cbb57309e3a6455117fb0bf876b57d8f4
1,0xe809968423551135675f38ca77d9595c5d225918,https://opensea.io/0xe809968423551135675f38ca77d9595c5d225918
1,0xad7aba735da6e8a4caf8fed53c353db34f92e70d,https://opensea.io/0xad7aba735da6e8a4caf8fed53c353db34f92e70d
1,0xceb7d613cd04231371c79b9893169c4e8cf658b1,https://opensea.io/0xceb7d613cd04231371c79b9893169c4e8cf658b1
1,0xb609088904b6fcfe212f79272909b4335e119a12,https://opensea.io/0xb609088904b6fcfe212f79272909b4335e119a12
1,0x69e95ffa226a8019f563b35da13d21e03fc0f16e,https://opensea.io/0x69e95ffa226a8019f563b35da13d21e03fc0f16e
1,0xfd845e60eaea6c960d2a2b6f490b53d26925d5cb,https://opensea.io/0xfd845e60eaea6c960d2a2b6f490b53d26925d5cb
1,0xb01f559f42fa99e20230db583d91273057ad826a,https://opensea.io/0xb01f559f42fa99e20230db583d91273057ad826a
1,0x4ec068d030ec49e19edbe1a3ba54278d45236146,https://opensea.io/0x4ec068d030ec49e19edbe1a3ba54278d45236146
1,0xa2b0a348e235eb1c6e9a2028847e892724ab30a0,https://opensea.io/0xa2b0a348e235eb1c6e9a2028847e892724ab30a0
1,0xacac94f49cf9754d990c2ee58508f0c4b98f2750,https://opensea.io/0xacac94f49cf9754d990c2ee58508f0c4b98f2750
1,0xd857904597db228cfc4a5135e2628ba3d86a2841,https://opensea.io/0xd857904597db228cfc4a5135e2628ba3d86a2841
1,0x25373bf2a8506d90c315f081e6c1011c34f76145,https://opensea.io/0x25373bf2a8506d90c315f081e6c1011c34f76145
1,0xa92520dd3db640cf47b4153413ee3c8e36a68899,https://opensea.io/0xa92520dd3db640cf47b4153413ee3c8e36a68899
1,0xc487d3ffe277d07f5bfb3a01b8a2e0db8a75d3d6,https://opensea.io/0xc487d3ffe277d07f5bfb3a01b8a2e0db8a75d3d6
1,0x36efebac46d969251ab9d9e9c2e7643ee1266ce3,https://opensea.io/0x36efebac46d969251ab9d9e9c2e7643ee1266ce3
1,0x81132b2c42fbd6e677576dd3299c4bb5f7b6b205,https://opensea.io/0x81132b2c42fbd6e677576dd3299c4bb5f7b6b205
1,0x5c7af7bfd94cb9daebde66ed922a34d68949ee20,https://opensea.io/0x5c7af7bfd94cb9daebde66ed922a34d68949ee20
1,0x8a93e113b62e009a4e3a04dde9cde3a440b7bf78,https://opensea.io/0x8a93e113b62e009a4e3a04dde9cde3a440b7bf78
1,0xde36ea3f2e2f679831de658a76fb67b7292cf95e,https://opensea.io/0xde36ea3f2e2f679831de658a76fb67b7292cf95e
1,0xe3f663418251186888935dc1c4979fa3a3da1bac,https://opensea.io/0xe3f663418251186888935dc1c4979fa3a3da1bac
1,0x5d3403dfa6019304c7cac48fa6ccdabff55cd213,https://opensea.io/0x5d3403dfa6019304c7cac48fa6ccdabff55cd213
1,0xb285fa30db853b5245c3dbaf42de774d07373eec,https://opensea.io/0xb285fa30db853b5245c3dbaf42de774d07373eec
1,0x6cd58fcc3f694bb5fbbeec425723386ff33e15aa,https://opensea.io/0x6cd58fcc3f694bb5fbbeec425723386ff33e15aa
1,0x7786089b523202b02409a4763ed375e6fffce464,https://opensea.io/0x7786089b523202b02409a4763ed375e6fffce464
1,0x86a41524cb61edd8b115a72ad9735f8068996688,https://opensea.io/0x86a41524cb61edd8b115a72ad9735f8068996688
1,0xf41044bb2c4b43ef2e06a46ff75ab702009736e3,https://opensea.io/0xf41044bb2c4b43ef2e06a46ff75ab702009736e3
1,0x5e1102cb45076026ec6cb3e1ac94bdb833d2e7d3,https://opensea.io/0x5e1102cb45076026ec6cb3e1ac94bdb833d2e7d3
1,0xcb2f4f0b88b0d767a9d1a9511dbad5cf6432d47d,https://opensea.io/0xcb2f4f0b88b0d767a9d1a9511dbad5cf6432d47d
1,0x7265a60acaeaf3a5e18e10bc1128e72f27b2e176,https://opensea.io/0x7265a60acaeaf3a5e18e10bc1128e72f27b2e176
1,0x2874c4e9cb5f183ef3d8adfa6d6bbd584dc67842,https://opensea.io/0x2874c4e9cb5f183ef3d8adfa6d6bbd584dc67842
1,0x7e9045be45bad250d06416a877f00320971c97e0,https://opensea.io/0x7e9045be45bad250d06416a877f00320971c97e0
1,0x390f348cd01f9404a3c31dcaf87ef5838a590d7d,https://opensea.io/0x390f348cd01f9404a3c31dcaf87ef5838a590d7d
1,0xf4a29fd90de8daf57ab4f48079df11894729c3cd,https://opensea.io/0xf4a29fd90de8daf57ab4f48079df11894729c3cd
1,0x667566c500a0d40b1fdce38af3a756a7f45d81e0,https://opensea.io/0x667566c500a0d40b1fdce38af3a756a7f45d81e0
1,0xfb55b966d84b4e78349092cb49de9a627b1dd8ed,https://opensea.io/0xfb55b966d84b4e78349092cb49de9a627b1dd8ed
1,0x051a0259259db0e5785cb2ab04f72ca9e754381d,https://opensea.io/0x051a0259259db0e5785cb2ab04f72ca9e754381d
1,0x7191a185b43e4d55c53cec0f32670e3b2590bfbd,https://opensea.io/0x7191a185b43e4d55c53cec0f32670e3b2590bfbd
1,0x82f315d41011a36456621fafed7e99f39581ad2c,https://opensea.io/0x82f315d41011a36456621fafed7e99f39581ad2c
1,0x9c5e144d4f7b6c0eda72d497053b5d6d6bf5cf33,https://opensea.io/0x9c5e144d4f7b6c0eda72d497053b5d6d6bf5cf33
1,0x1834a30401aff2fd6027457bff353ef54efb1934,https://opensea.io/0x1834a30401aff2fd6027457bff353ef54efb1934
1,0x30af04ea1988d7e95cfcbd5c3788481e719378ca,https://opensea.io/0x30af04ea1988d7e95cfcbd5c3788481e719378ca
1,0xbfe440c533f6861c00e71ce187f37a1a70b7b7e9,https://opensea.io/0xbfe440c533f6861c00e71ce187f37a1a70b7b7e9
1,0x5596c71cee4f69bd12a6141bef859d5ebba01312,https://opensea.io/0x5596c71cee4f69bd12a6141bef859d5ebba01312
1,0xa8ca05b0d719424e7cfaeabb0c9f74572047d073,https://opensea.io/0xa8ca05b0d719424e7cfaeabb0c9f74572047d073
1,0xabeea224a28ae17d456b23ac86dbc4dd96c232c3,https://opensea.io/0xabeea224a28ae17d456b23ac86dbc4dd96c232c3
1,0x13870d3a2153ae81da9556fc9cdb916df4a3df72,https://opensea.io/0x13870d3a2153ae81da9556fc9cdb916df4a3df72
1,0xfd1903fff7b761f55865599a05c8a3b077639e55,https://opensea.io/0xfd1903fff7b761f55865599a05c8a3b077639e55
1,0xa601802e8a12e85b25d0664e72c99e58a691fd9a,https://opensea.io/0xa601802e8a12e85b25d0664e72c99e58a691fd9a
1,0xd9e4d97c44c48657db71569d160ca5a27daad403,https://opensea.io/0xd9e4d97c44c48657db71569d160ca5a27daad403
1,0xe0bed0aa0efbd4e35dfda047229d62de7353e8df,https://opensea.io/0xe0bed0aa0efbd4e35dfda047229d62de7353e8df
1,0x93f9eacdd2aa5268b358600a9f9d1b2d07a1dd2a,https://opensea.io/0x93f9eacdd2aa5268b358600a9f9d1b2d07a1dd2a
1,0x3c3c0dfedbae9cd9e43f4227e2ee7814fef445b5,https://opensea.io/0x3c3c0dfedbae9cd9e43f4227e2ee7814fef445b5
1,0x7dc829929ecdca2b4889ffd1cd4ec14c08cd1acb,https://opensea.io/0x7dc829929ecdca2b4889ffd1cd4ec14c08cd1acb
1,0xfcf5b7d05bae6a12b02dfb297ef8eb97eddc8f52,https://opensea.io/0xfcf5b7d05bae6a12b02dfb297ef8eb97eddc8f52
1,0x62bc98064f019187f2f4a5cc8b2bdfd544adf9d1,https://opensea.io/0x62bc98064f019187f2f4a5cc8b2bdfd544adf9d1
1,0xcb19910318a7a9e9b5617a7e6a27f756f22939f3,https://opensea.io/0xcb19910318a7a9e9b5617a7e6a27f756f22939f3
1,0x5668fabd29c89bd16dc78e150eb8a3ae32155dc3,https://opensea.io/0x5668fabd29c89bd16dc78e150eb8a3ae32155dc3
1,0x991e54c50a390f24d006a69a8ba0b07f74f994f1,https://opensea.io/0x991e54c50a390f24d006a69a8ba0b07f74f994f1
1,0x326e90ebe2957eb593cd4210ab7e314c719acaa2,https://opensea.io/0x326e90ebe2957eb593cd4210ab7e314c719acaa2
1,0xe68e8cc7ff772b026c062b9cc28246676d044947,https://opensea.io/0xe68e8cc7ff772b026c062b9cc28246676d044947
1,0x51b766344f60fcef9a2e14755249365bc5a2436f,https://opensea.io/0x51b766344f60fcef9a2e14755249365bc5a2436f
1,0x638aea3d8cc45da8915f4c2d00e6deba99bb4eb6,https://opensea.io/0x638aea3d8cc45da8915f4c2d00e6deba99bb4eb6
1,0x7bad7b13e3e1c66829de514bed388d60d57b7f9a,https://opensea.io/0x7bad7b13e3e1c66829de514bed388d60d57b7f9a
1,0x57228fb340f0b66a8a4bd7fd3a93253440210cd0,https://opensea.io/0x57228fb340f0b66a8a4bd7fd3a93253440210cd0
1,0xa486dff35c1f397b0f0c80de43ea5b1929928fc6,https://opensea.io/0xa486dff35c1f397b0f0c80de43ea5b1929928fc6
1,0x8c433b6e233c93e25c5a4285c0539cad2c490c15,https://opensea.io/0x8c433b6e233c93e25c5a4285c0539cad2c490c15
1,0x41b8644d8c77a1fa258ec647595e69feb1caa029,https://opensea.io/0x41b8644d8c77a1fa258ec647595e69feb1caa029
1,0x648e7865bdfac56c0233a9999206867725ece54d,https://opensea.io/0x648e7865bdfac56c0233a9999206867725ece54d
1,0x23687742bf4dcc2d797afdc14e2cb52e8ab988e2,https://opensea.io/0x23687742bf4dcc2d797afdc14e2cb52e8ab988e2
1,0xc4979e5876f6c28261f6324f6a98c2812f125d61,https://opensea.io/0xc4979e5876f6c28261f6324f6a98c2812f125d61
1,0x2102b211349b20f0bdecc263f4e7381e89c514ce,https://opensea.io/0x2102b211349b20f0bdecc263f4e7381e89c514ce
1,0x7daa8740fe15f9a0334ff2d6210ef65bd61ee8bf,https://opensea.io/0x7daa8740fe15f9a0334ff2d6210ef65bd61ee8bf
1,0x334560fcfdec3fabfe8bed1bcd83ffba5b91d3fb,https://opensea.io/0x334560fcfdec3fabfe8bed1bcd83ffba5b91d3fb
1,0x4fd571ef37ecd361b76d0111d11c38e28dffde5c,https://opensea.io/0x4fd571ef37ecd361b76d0111d11c38e28dffde5c
1,0x5e7254558cbe25e4b7831364f902a29ae44e7b75,https://opensea.io/0x5e7254558cbe25e4b7831364f902a29ae44e7b75
1,0x66fb2d6c59c887ec535c3e80f8bcc41db9522997,https://opensea.io/0x66fb2d6c59c887ec535c3e80f8bcc41db9522997
1,0x9c5253c7365d21d46821be545062c702533c0a3a,https://opensea.io/0x9c5253c7365d21d46821be545062c702533c0a3a
1,0xd162bb4a5d7f5af2145f35e19074d743567a8969,https://opensea.io/0xd162bb4a5d7f5af2145f35e19074d743567a8969
1,0x24a65630b8c7df589e58cc6ec32bc9489e5215c3,https://opensea.io/0x24a65630b8c7df589e58cc6ec32bc9489e5215c3
1,0xecd7712000fcf531c0bbdd982ee4f021f360c394,https://opensea.io/0xecd7712000fcf531c0bbdd982ee4f021f360c394
1,0x83839be4bfe8ea3ce0a19f1434555ac4d4eab977,https://opensea.io/0x83839be4bfe8ea3ce0a19f1434555ac4d4eab977
1,0x349c2164d1600ce023b2c0bd83f59a98d6d6abcb,https://opensea.io/0x349c2164d1600ce023b2c0bd83f59a98d6d6abcb
1,0xae1532bb2f23a6f0a53094726e3efec3884d768d,https://opensea.io/0xae1532bb2f23a6f0a53094726e3efec3884d768d
1,0x7f8904a9eb19dd6e2e60c8d367b09d7e4f4fb1d9,https://opensea.io/0x7f8904a9eb19dd6e2e60c8d367b09d7e4f4fb1d9
1,0x8f543762475e15fa2d3e51719cc8249a54a04803,https://opensea.io/0x8f543762475e15fa2d3e51719cc8249a54a04803
1,0x1b280b40687df2e01a730f2cf60d7fecd79f3c55,https://opensea.io/0x1b280b40687df2e01a730f2cf60d7fecd79f3c55
1,0x60d174b5e2e5c9b40c4d9f8cd724b7a80dc59069,https://opensea.io/0x60d174b5e2e5c9b40c4d9f8cd724b7a80dc59069
1,0xcd790d0813bef3add5ddc1ae5589d3a9b526cadf,https://opensea.io/0xcd790d0813bef3add5ddc1ae5589d3a9b526cadf
1,0x7bf4048631309ffc9652b066ef00f6c7f33fdb23,https://opensea.io/0x7bf4048631309ffc9652b066ef00f6c7f33fdb23
1,0x26fb232e36905b9cfee607c85a58c6f3c8d43f41,https://opensea.io/0x26fb232e36905b9cfee607c85a58c6f3c8d43f41
1,0x9078aee592d97a7de8c9df3a0ebb938ed88ab97e,https://opensea.io/0x9078aee592d97a7de8c9df3a0ebb938ed88ab97e
1,0x020f0e32efce2636d1626b3d1bafd1681f03cb14,https://opensea.io/0x020f0e32efce2636d1626b3d1bafd1681f03cb14
1,0xcea0156143416ffa96c225bfaddbbed7666dac73,https://opensea.io/0xcea0156143416ffa96c225bfaddbbed7666dac73
1,0xc9a2b1c756deaf44f8f6107367a66fc2bb06e291,https://opensea.io/0xc9a2b1c756deaf44f8f6107367a66fc2bb06e291
1,0xf4296d0591541f6d25e241a0dac3d7021d8b821a,https://opensea.io/0xf4296d0591541f6d25e241a0dac3d7021d8b821a
1,0xaff1bf27f0ae7ce8ac0b7d3ec7638933ede0194e,https://opensea.io/0xaff1bf27f0ae7ce8ac0b7d3ec7638933ede0194e
1,0x79b7ab2eb9e247e2cd21d5e8f361d24c33ce1b87,https://opensea.io/0x79b7ab2eb9e247e2cd21d5e8f361d24c33ce1b87
1,0x115b2a3e66e0306e67d460c78a5e0d6662c888dd,https://opensea.io/0x115b2a3e66e0306e67d460c78a5e0d6662c888dd
1,0xefa131b185de4f8965b9c1a6f02e6264cac36a28,https://opensea.io/0xefa131b185de4f8965b9c1a6f02e6264cac36a28
1,0x0000000000015b23c7e20b0ea5ebd84c39dcbe60,https://opensea.io/0x0000000000015b23c7e20b0ea5ebd84c39dcbe60
1,0xf18d8f1cfa7a24ed602128a46dcd9927dae6c05b,https://opensea.io/0xf18d8f1cfa7a24ed602128a46dcd9927dae6c05b
1,0x20d64f7a9b31a08871a091414e1f757bf3eb47c6,https://opensea.io/0x20d64f7a9b31a08871a091414e1f757bf3eb47c6
1,0xf476cd75be8fdd197ae0b466a2ec2ae44da41897,https://opensea.io/0xf476cd75be8fdd197ae0b466a2ec2ae44da41897
1,0x2be212b27fd720eddbcd0e847f281e04d73ea4fa,https://opensea.io/0x2be212b27fd720eddbcd0e847f281e04d73ea4fa
1,0x35d117ac4c0f84888a6949bfcbd3201267b572c3,https://opensea.io/0x35d117ac4c0f84888a6949bfcbd3201267b572c3
1,0xe5c030d8af0e024e60bc04fb0240fd470e6ab28a,https://opensea.io/0xe5c030d8af0e024e60bc04fb0240fd470e6ab28a
1,0x8f41ee58f6552d0fe5a59084d5efe12770d9db48,https://opensea.io/0x8f41ee58f6552d0fe5a59084d5efe12770d9db48
1,0x238344ab68949280ba36ea89de0f33092c2766f1,https://opensea.io/0x238344ab68949280ba36ea89de0f33092c2766f1
1,0x8f20a69e94820e24331439f3ec2bf103bb3fe11c,https://opensea.io/0x8f20a69e94820e24331439f3ec2bf103bb3fe11c
1,0xda369a2378eaf89298287a87de603c6d3ea4d0e1,https://opensea.io/0xda369a2378eaf89298287a87de603c6d3ea4d0e1
1,0xbafcbeb9b19bdafe519236aeddd20338027c9b1e,https://opensea.io/0xbafcbeb9b19bdafe519236aeddd20338027c9b1e
1,0xe376409fd6a7f4074df27020e7093b4b37bfa8f9,https://opensea.io/0xe376409fd6a7f4074df27020e7093b4b37bfa8f9
1,0x280f604add4c491b5caa3503b68f6e0a8701263d,https://opensea.io/0x280f604add4c491b5caa3503b68f6e0a8701263d
1,0x0033009100ef46b4585949ec68fe7093c7a71ace,https://opensea.io/0x0033009100ef46b4585949ec68fe7093c7a71ace
1,0x4d5fd9590a2b11fb384ac40ed7143dd5314ed8a4,https://opensea.io/0x4d5fd9590a2b11fb384ac40ed7143dd5314ed8a4
1,0xa2b73bb5d62114fe42724ea086494c698b8354ac,https://opensea.io/0xa2b73bb5d62114fe42724ea086494c698b8354ac
1,0x9938dd485a6ccf625a5982f53383612c4e0ec69b,https://opensea.io/0x9938dd485a6ccf625a5982f53383612c4e0ec69b
1,0xedddbe528cc84933741429633ec8e66bf419c774,https://opensea.io/0xedddbe528cc84933741429633ec8e66bf419c774
1,0xdff2fc8dd07eb081d0804eb002332b61b31776be,https://opensea.io/0xdff2fc8dd07eb081d0804eb002332b61b31776be
1,0xc683915268e712f9960ce59736a32119165cc962,https://opensea.io/0xc683915268e712f9960ce59736a32119165cc962
1,0x127063c94f2d661727c9dcdcdfa983d19650cf57,https://opensea.io/0x127063c94f2d661727c9dcdcdfa983d19650cf57
1,0x70385629f8845fad1c8cd83ed43868004e8e63ed,https://opensea.io/0x70385629f8845fad1c8cd83ed43868004e8e63ed
1,0x503ae8782365fca60c86cd742dc6bcbcaf70b99e,https://opensea.io/0x503ae8782365fca60c86cd742dc6bcbcaf70b99e
1,0x0b981d98e857c888e00d2c494d24dc16a12f8f3a,https://opensea.io/0x0b981d98e857c888e00d2c494d24dc16a12f8f3a
1,0x2e07fc9d9d1ea648b12d188f7fa0a53caa49979e,https://opensea.io/0x2e07fc9d9d1ea648b12d188f7fa0a53caa49979e
1,0xe7d0ae1823582e5e6c3a0f9bb0526d380b16edf4,https://opensea.io/0xe7d0ae1823582e5e6c3a0f9bb0526d380b16edf4
1,0x3fb5da0bd604da4b38033e4683790790a48a699d,https://opensea.io/0x3fb5da0bd604da4b38033e4683790790a48a699d
1,0x7ced4081c4cde7ac4bfd71c67a682665a979cd65,https://opensea.io/0x7ced4081c4cde7ac4bfd71c67a682665a979cd65
1,0xba7052c8a6c2e0772d66a97db67a8bb8caa7d36a,https://opensea.io/0xba7052c8a6c2e0772d66a97db67a8bb8caa7d36a
1,0xf502e1d9d872a74cc66f695b631d44d79fdc4d40,https://opensea.io/0xf502e1d9d872a74cc66f695b631d44d79fdc4d40
1,0xa07b843cb28961b3d8b4cdeb4f623eafc022c668,https://opensea.io/0xa07b843cb28961b3d8b4cdeb4f623eafc022c668
1,0xf9b3d210b763dd5061484171d9039cbed85d5a1b,https://opensea.io/0xf9b3d210b763dd5061484171d9039cbed85d5a1b
1,0x384973ce79c352ad766f56672babec85e897f234,https://opensea.io/0x384973ce79c352ad766f56672babec85e897f234
1,0x7d9489ae5168645c2fa2875602eb8f9b569b1fdc,https://opensea.io/0x7d9489ae5168645c2fa2875602eb8f9b569b1fdc
1,0x7197191df3cb7b6160704371c728a4f8b8fc1921,https://opensea.io/0x7197191df3cb7b6160704371c728a4f8b8fc1921
1,0x777b47c594014b5f109e00d71eb56dd886cb951b,https://opensea.io/0x777b47c594014b5f109e00d71eb56dd886cb951b
1,0xa53a450ab566701d73d3596924410701e3f2b368,https://opensea.io/0xa53a450ab566701d73d3596924410701e3f2b368
1,0x7b7f178de0444daa73fe5ef1fba1568750301453,https://opensea.io/0x7b7f178de0444daa73fe5ef1fba1568750301453
1,0x103734719df360360047d9eb0bda95f54dded557,https://opensea.io/0x103734719df360360047d9eb0bda95f54dded557
1,0x2a52d29245361a5d6be70cfdb15f61657cffd981,https://opensea.io/0x2a52d29245361a5d6be70cfdb15f61657cffd981
1,0xcb0a0107419f9aca86e793f0808afc2e4ff490ef,https://opensea.io/0xcb0a0107419f9aca86e793f0808afc2e4ff490ef
1,0x07bfd39a7c2ea54a35b9c9d127203c245cc8a730,https://opensea.io/0x07bfd39a7c2ea54a35b9c9d127203c245cc8a730
1,0xb523170d7d9010a5046e7753ee8c814ad9ec0c05,https://opensea.io/0xb523170d7d9010a5046e7753ee8c814ad9ec0c05
1,0x49468f702436d1e590895ffa7155bcd393ce52ae,https://opensea.io/0x49468f702436d1e590895ffa7155bcd393ce52ae
1,0x807bc68caf484a36240e7879f8c62fdc9dd3160e,https://opensea.io/0x807bc68caf484a36240e7879f8c62fdc9dd3160e
1,0x7d5db7cffeb0f30439fae71d5f4e326574c32c42,https://opensea.io/0x7d5db7cffeb0f30439fae71d5f4e326574c32c42
1,0x23036d9ed845234f60cdd25bb627f0460ee60350,https://opensea.io/0x23036d9ed845234f60cdd25bb627f0460ee60350
1,0x842c5cd41c274259b0fbd051cf2532db88dc66c8,https://opensea.io/0x842c5cd41c274259b0fbd051cf2532db88dc66c8
1,0xb71cd2a879c8d887ea8d75155ff51116178641c0,https://opensea.io/0xb71cd2a879c8d887ea8d75155ff51116178641c0
1,0x5fc3afaeef0ff1149cee3bd80c1b20de629df880,https://opensea.io/0x5fc3afaeef0ff1149cee3bd80c1b20de629df880
1,0x669967c28704dbfb4fba9df78e7cba1a76e1d9c0,https://opensea.io/0x669967c28704dbfb4fba9df78e7cba1a76e1d9c0
1,0x4c6f2cef49edb0645cf52cbf3de1de4714b67aa8,https://opensea.io/0x4c6f2cef49edb0645cf52cbf3de1de4714b67aa8
1,0xbf59e40112157017b69be5734f8c702dcbd73336,https://opensea.io/0xbf59e40112157017b69be5734f8c702dcbd73336
1,0xd0f0b33573950c4fd9fad0fc04b321996f958dd6,https://opensea.io/0xd0f0b33573950c4fd9fad0fc04b321996f958dd6
1,0x4d50cb121c99164fba6bc7d6faaf33277ef6979d,https://opensea.io/0x4d50cb121c99164fba6bc7d6faaf33277ef6979d
1,0x4ffe2f674c4afa078554cb2e5a6a672452b6c290,https://opensea.io/0x4ffe2f674c4afa078554cb2e5a6a672452b6c290
1,0x3db5fc9b66dc9d11ff999bcc697aa3447deef4ce,https://opensea.io/0x3db5fc9b66dc9d11ff999bcc697aa3447deef4ce
1,0xec31342244d2157d670d513007c4257295a02a4c,https://opensea.io/0xec31342244d2157d670d513007c4257295a02a4c
1,0xbd62ab2718afea12d992b7f9f0561623c1cef542,https://opensea.io/0xbd62ab2718afea12d992b7f9f0561623c1cef542
1,0x3af4a3d023a34b3111e574b5412e5e3288b3cfd7,https://opensea.io/0x3af4a3d023a34b3111e574b5412e5e3288b3cfd7
1,0x0a64c45c7ecc1cb0e10757ce1fc2b21aebb75207,https://opensea.io/0x0a64c45c7ecc1cb0e10757ce1fc2b21aebb75207
1,0x668f92d429c47dbc07df9597b00a7f5f9302ff87,https://opensea.io/0x668f92d429c47dbc07df9597b00a7f5f9302ff87
1,0x7f0450f5987dfb980aa3b6621f6a9582e177075b,https://opensea.io/0x7f0450f5987dfb980aa3b6621f6a9582e177075b
1,0x0ed1e02164a2a9fad7a9f9b5b9e71694c3fad7f2,https://opensea.io/0x0ed1e02164a2a9fad7a9f9b5b9e71694c3fad7f2
1,0xc092d93795ed6610ecfa9d454d534af3e029375b,https://opensea.io/0xc092d93795ed6610ecfa9d454d534af3e029375b
1,0x79017f49c27a573f156443afb5af2b5815807868,https://opensea.io/0x79017f49c27a573f156443afb5af2b5815807868
1,0x28cd189409437a0dc991a2f7a91582bd9dc07e01,https://opensea.io/0x28cd189409437a0dc991a2f7a91582bd9dc07e01
1,0x912564427b91c280a10406404868249390bece34,https://opensea.io/0x912564427b91c280a10406404868249390bece34
1,0x7f1809d8b6aadfa5f2e35f075a4e0725ea219650,https://opensea.io/0x7f1809d8b6aadfa5f2e35f075a4e0725ea219650
1,0xf478a6fc28462fc70496ea5d36491095c8ca6aa5,https://opensea.io/0xf478a6fc28462fc70496ea5d36491095c8ca6aa5
1,0xbd34a20fc22b25b98501697739e9704210f96cfe,https://opensea.io/0xbd34a20fc22b25b98501697739e9704210f96cfe
1,0x210883abc7fd9e65fc9d25ee691f08ba9648053a,https://opensea.io/0x210883abc7fd9e65fc9d25ee691f08ba9648053a
1,0x703a2a57a5ae7931099c8ca5e485ec5be0a0be73,https://opensea.io/0x703a2a57a5ae7931099c8ca5e485ec5be0a0be73
1,0xb46d73a2cd176d876338652a4ecbbadc624cf085,https://opensea.io/0xb46d73a2cd176d876338652a4ecbbadc624cf085
1,0xb908327da7eae1b0e2a9b9737c7b3dfe4769154e,https://opensea.io/0xb908327da7eae1b0e2a9b9737c7b3dfe4769154e
1,0x44717ee7405bd4af09a5ee8d0ebddb992c92aec0,https://opensea.io/0x44717ee7405bd4af09a5ee8d0ebddb992c92aec0
1,0x6d5b0bc61c26b8ab6312627f19b55ca293679484,https://opensea.io/0x6d5b0bc61c26b8ab6312627f19b55ca293679484
1,0x8aba25ce9e8dbf1dfe1b585d41fe5b6f855bc37f,https://opensea.io/0x8aba25ce9e8dbf1dfe1b585d41fe5b6f855bc37f
1,0x826e94c204ce1ddc25c6f56ca26004ed68c35302,https://opensea.io/0x826e94c204ce1ddc25c6f56ca26004ed68c35302
1,0x6b13114cc2fd1d24c19189d33fe7d4afa9c3d139,https://opensea.io/0x6b13114cc2fd1d24c19189d33fe7d4afa9c3d139
1,0x5ef6a3f01687c87a9e52afc7c57c2eeff17ee45a,https://opensea.io/0x5ef6a3f01687c87a9e52afc7c57c2eeff17ee45a
1,0xd263b066ebae66d3a0e8d10266953e37d1d18886,https://opensea.io/0xd263b066ebae66d3a0e8d10266953e37d1d18886
1,0x1345ae4597d375e0f9de0f0e4adb9742bf552163,https://opensea.io/0x1345ae4597d375e0f9de0f0e4adb9742bf552163
1,0xf7c8bb461c8c08ad282085a894f948d90fb2ec18,https://opensea.io/0xf7c8bb461c8c08ad282085a894f948d90fb2ec18
1,0x6234bdb734d333194255bdcb3d26eae333cc1446,https://opensea.io/0x6234bdb734d333194255bdcb3d26eae333cc1446
1,0xfe8dcaf23028b9f2b98c8d249502f1f71bee6aad,https://opensea.io/0xfe8dcaf23028b9f2b98c8d249502f1f71bee6aad
1,0x57fa59ab45769f92acdf97d08114456bbf3bdf86,https://opensea.io/0x57fa59ab45769f92acdf97d08114456bbf3bdf86
1,0x92e9b91aa2171694d740e7066f787739ca1af9de,https://opensea.io/0x92e9b91aa2171694d740e7066f787739ca1af9de
1,0xecfefab95534e285a81dbc1789dcbb827206b489,https://opensea.io/0xecfefab95534e285a81dbc1789dcbb827206b489
1,0x1abc94273b7632c2a51b9a1bb78d0de1a3c09fde,https://opensea.io/0x1abc94273b7632c2a51b9a1bb78d0de1a3c09fde
1,0xc288cdd4bc9fb1bf5148e139281f419ebf0c8ed9,https://opensea.io/0xc288cdd4bc9fb1bf5148e139281f419ebf0c8ed9
1,0xf53277a2781df094830bddd2d4b3c34a4ee4a29b,https://opensea.io/0xf53277a2781df094830bddd2d4b3c34a4ee4a29b
1,0x83d1c9d3815a9de6a058675569007d0eba3d4c00,https://opensea.io/0x83d1c9d3815a9de6a058675569007d0eba3d4c00
1,0xd78901d07221edc5f7af21ad59a392a50e406d52,https://opensea.io/0xd78901d07221edc5f7af21ad59a392a50e406d52
1,0xe4404e41bac81db42539513cb100ad23ddefd19f,https://opensea.io/0xe4404e41bac81db42539513cb100ad23ddefd19f
1,0x5bd1b0bb3f5a815d49e475c301f57fdd2ac2f359,https://opensea.io/0x5bd1b0bb3f5a815d49e475c301f57fdd2ac2f359
1,0xb3d559046903a7fa82ef5288fe791f8f4980d91d,https://opensea.io/0xb3d559046903a7fa82ef5288fe791f8f4980d91d
1,0x6a426411d342a17a82169c0fa0452f4ef9f702d8,https://opensea.io/0x6a426411d342a17a82169c0fa0452f4ef9f702d8
1,0x6c15c42e44de7a228437b05e98e5962cfbeddddf,https://opensea.io/0x6c15c42e44de7a228437b05e98e5962cfbeddddf
1,0x8fda7f45b1427f2d4444f4c6d44d2b5d1cb46b53,https://opensea.io/0x8fda7f45b1427f2d4444f4c6d44d2b5d1cb46b53
1,0x25902aad3d4c12b368c18e8b6b02445ebd2d117b,https://opensea.io/0x25902aad3d4c12b368c18e8b6b02445ebd2d117b
1,0x5ea4acd1ca46aa607f363e37a58336d919867d2d,https://opensea.io/0x5ea4acd1ca46aa607f363e37a58336d919867d2d
1,0x268e8206b05162a790be1d8195855d0c6d050373,https://opensea.io/0x268e8206b05162a790be1d8195855d0c6d050373
1,0x34138d7ab4a0d6f638fa15d0b5348f7d3455c993,https://opensea.io/0x34138d7ab4a0d6f638fa15d0b5348f7d3455c993
1,0xe6dfd3090f2b48f495ec9f7de41b33a6794c482e,https://opensea.io/0xe6dfd3090f2b48f495ec9f7de41b33a6794c482e
1,0x04e7e944060607339fde1f448496c04d3562a6ef,https://opensea.io/0x04e7e944060607339fde1f448496c04d3562a6ef
1,0x7b3431db5a984c7a7a710175f6119a385070e9ec,https://opensea.io/0x7b3431db5a984c7a7a710175f6119a385070e9ec
1,0x37762cb756a271ddd1a61e097092d6b9d9bb4982,https://opensea.io/0x37762cb756a271ddd1a61e097092d6b9d9bb4982
1,0x29a82e07b96c405ac99a8023f767d2971546de70,https://opensea.io/0x29a82e07b96c405ac99a8023f767d2971546de70
1,0x02ceae0aa5a9988f1d32e7e56e18a49f08848b75,https://opensea.io/0x02ceae0aa5a9988f1d32e7e56e18a49f08848b75
1,0xafbb6f35a168717c89e9f5c5d89cd74ea5bb2bdc,https://opensea.io/0xafbb6f35a168717c89e9f5c5d89cd74ea5bb2bdc
1,0x1f72ab1fee26fc11bd41a485dcf26a81b89b06e6,https://opensea.io/0x1f72ab1fee26fc11bd41a485dcf26a81b89b06e6
1,0x110f322e361f1c124285c76beb098d1a36d3a431,https://opensea.io/0x110f322e361f1c124285c76beb098d1a36d3a431
1,0xe835b7ebfcae71114bc7d6e84504dbd90120841d,https://opensea.io/0xe835b7ebfcae71114bc7d6e84504dbd90120841d
1,0x3335cc8bda40fb5a5f8db1d0011dec98728d81e1,https://opensea.io/0x3335cc8bda40fb5a5f8db1d0011dec98728d81e1
1,0x222fbcd2b08137638dcdcd1d8819cfd8cb06f0b8,https://opensea.io/0x222fbcd2b08137638dcdcd1d8819cfd8cb06f0b8
1,0xfa5b8afe51d638e498d140c549404c988dc50eb3,https://opensea.io/0xfa5b8afe51d638e498d140c549404c988dc50eb3
1,0x88b503c81a4fb9c9c5464dd3c6835fc34b2cc85d,https://opensea.io/0x88b503c81a4fb9c9c5464dd3c6835fc34b2cc85d
1,0x878b9bfb51ded08120793d25e3bc66904e23b804,https://opensea.io/0x878b9bfb51ded08120793d25e3bc66904e23b804
1,0x51bdfa2cbb25591af58b202acdcdb33325a325c2,https://opensea.io/0x51bdfa2cbb25591af58b202acdcdb33325a325c2
1,0x122ae5c7a359af768fa0c86146fe1af24e14a845,https://opensea.io/0x122ae5c7a359af768fa0c86146fe1af24e14a845
1,0x9f1f7957c0456157485a0fc433a5f86403055432,https://opensea.io/0x9f1f7957c0456157485a0fc433a5f86403055432
1,0xcfc3aa80fce148fee71cf86f61d0d6b0ccbba879,https://opensea.io/0xcfc3aa80fce148fee71cf86f61d0d6b0ccbba879
1,0x7cac437746d3ced9ec6ecc678b42142298e29a6b,https://opensea.io/0x7cac437746d3ced9ec6ecc678b42142298e29a6b
1,0xdbcc6698d4686ee3fba49c2245072460594efe6e,https://opensea.io/0xdbcc6698d4686ee3fba49c2245072460594efe6e
1,0x8e4c8423ab88d50cfecefc81e9383cb828419def,https://opensea.io/0x8e4c8423ab88d50cfecefc81e9383cb828419def
1,0x607c133e0b758b8ad3d9842cd593bea0280ccc53,https://opensea.io/0x607c133e0b758b8ad3d9842cd593bea0280ccc53
1,0x3670fbcdc9d16bde4d8a3240e96f53d3a4db7261,https://opensea.io/0x3670fbcdc9d16bde4d8a3240e96f53d3a4db7261
1,0x0a15b25fe9ecfa9ba98a9b07fabc9594b184e5ed,https://opensea.io/0x0a15b25fe9ecfa9ba98a9b07fabc9594b184e5ed
1,0x222076b5c0af13c38da3aefb2eaf7f3e5acd4f8b,https://opensea.io/0x222076b5c0af13c38da3aefb2eaf7f3e5acd4f8b
1,0xb3792f424f8a8c65b8ff8430ec6859fb1187c0c1,https://opensea.io/0xb3792f424f8a8c65b8ff8430ec6859fb1187c0c1
1,0x404a3d8eef9eb924f872c74db29518eacbe73c83,https://opensea.io/0x404a3d8eef9eb924f872c74db29518eacbe73c83
1,0x56bab42ea4cf60be55f9e52008fea40a18247b77,https://opensea.io/0x56bab42ea4cf60be55f9e52008fea40a18247b77
1,0x78845cc56697d6561d161d8de29b9b6ec3c74ae0,https://opensea.io/0x78845cc56697d6561d161d8de29b9b6ec3c74ae0
1,0x2eff303377b9e01e042b7f80fb42836b35fb1a49,https://opensea.io/0x2eff303377b9e01e042b7f80fb42836b35fb1a49
1,0xcbc7d0ff51d37b60ba741bf566496bba53b5eea2,https://opensea.io/0xcbc7d0ff51d37b60ba741bf566496bba53b5eea2
1,0x3def4400f3a057dca3101c63b2f0e1656d3f6b79,https://opensea.io/0x3def4400f3a057dca3101c63b2f0e1656d3f6b79
1,0x61fd0d043d519f5a2bd05785000f30db96809429,https://opensea.io/0x61fd0d043d519f5a2bd05785000f30db96809429
1,0xe558619863102240058d9784a0adf7c886fb92fc,https://opensea.io/0xe558619863102240058d9784a0adf7c886fb92fc
1,0xb0f7cc5d06113faa7de34592efce38e96ccbf171,https://opensea.io/0xb0f7cc5d06113faa7de34592efce38e96ccbf171
1,0xae7268617a7f748855e3e15e1a2fbc26ceaba22b,https://opensea.io/0xae7268617a7f748855e3e15e1a2fbc26ceaba22b
1,0xc514b67a5225cbeaf64f4c5b4e370d3f63d7a50b,https://opensea.io/0xc514b67a5225cbeaf64f4c5b4e370d3f63d7a50b
1,0x88f09bdc8e99272588242a808052eb32702f88d0,https://opensea.io/0x88f09bdc8e99272588242a808052eb32702f88d0